01/04/26,,,,,,,,,,,,,,,,,,,,,,,,,,,,,,,,,,,,,,,Feriados,Recesso
,01/04,02/04,03/04,04/04,05/04,06/04,07/04,08/04,09/04,10/04,11/04,12/04,13/04,14/04,15/04,16/04,17/04,18/04,19/04,20/04,21/04,22/04,23/04,24/04,25/04,26/04,27/04,28/04,29/04,30/04,01/05,02/05,03/05,04/05,05/05,06/05,07/05,,01/04,20/12
,quarta-feira,quinta-feira,sexta-feira,sábado,domingo,segunda-feira,terça-feira,quarta-feira,quinta-feira,sexta-feira,sábado,domingo,segunda-feira,terça-feira,quarta-feira,quinta-feira,sexta-feira,sábado,domingo,segunda-feira,terça-feira,quarta-feira,quinta-feira,sexta-feira,sábado,domingo,segunda-feira,terça-feira,quarta-feira,quinta-feira,sexta-feira,sábado,domingo,segunda-feira,terça-feira,quarta-feira,quinta-feira,,20/04,21/12
,2,1,1,2,2,1,1,1,1,1,2,2,1,1,1,1,1,2,2,2,2,1,2,1,2,2,1,1,1,1,1,2,2,1,1,1,1,,21/04,22/12
,NOME 059,NOME 037,NOME 037,NOME 059,NOME 059,NOME 037,NOME 037,NOME 037,NOME 037,NOME 037,NOME 059,NOME 059,NOME 037,NOME 037,NOME 037,NOME 037,NOME 037,NOME 059,NOME 059,NOME 059,NOME 059,NOME 037,NOME 059,NOME 037,NOME 059,NOME 059,NOME 037,NOME 037,NOME 037,NOME 037,NOME 037,NOME 059,NOME 059,NOME 037,NOME 037,NOME 037,NOME 037,,23/04,23/12
,NOME 114,NOME 104,NOME 104,NOME 114,NOME 114,NOME 104,NOME 104,NOME 104,NOME 104,NOME 104,NOME 114,NOME 114,NOME 104,NOME 104,NOME 104,NOME 104,NOME 104,NOME 114,NOME 114,NOME 114,NOME 114,NOME 104,NOME 114,NOME 104,NOME 114,NOME 114,NOME 104,NOME 104,NOME 104,NOME 104,NOME 104,NOME 114,NOME 114,NOME 104,NOME 104,NOME 104,NOME 104,,,24/12
,NOME 002,NOME 112,NOME 112,NOME 002,NOME 002,NOME 005,NOME 005,NOME 005,NOME 005,NOME 005,NOME 002,NOME 002,NOME 005,NOME 005,NOME 005,NOME 005,NOME 005,NOME 002,NOME 002,NOME 002,NOME 002,NOME 005,NOME 002,NOME 005,NOME 002,NOME 002,NOME 005,NOME 005,NOME 005,NOME 005,NOME 005,NOME 002,NOME 002,NOME 005,NOME 005,NOME 112,NOME 112,,,25/12
,NOME 035,NOME 005,NOME 005,NOME 035,NOME 035,NOME 016,NOME 016,NOME 016,NOME 016,NOME 016,NOME 035,NOME 035,NOME 016,NOME 016,NOME 016,NOME 016,NOME 016,NOME 035,NOME 035,NOME 035,NOME 035,NOME 016,NOME 035,NOME 016,NOME 035,NOME 035,NOME 016,NOME 016,NOME 016,NOME 016,NOME 016,NOME 035,NOME 035,NOME 016,NOME 016,NOME 005,NOME 005,,,26/12
,NOME 130,NOME 016,NOME 016,NOME 130,NOME 130,NOME 048,NOME 048,NOME 048,NOME 048,NOME 048,NOME 130,NOME 130,NOME 048,NOME 048,NOME 048,NOME 048,NOME 048,NOME 130,NOME 130,NOME 130,NOME 130,NOME 048,NOME 130,NOME 048,NOME 130,NOME 130,NOME 048,NOME 048,NOME 048,NOME 048,NOME 048,NOME 130,NOME 130,NOME 048,NOME 048,NOME 016,NOME 016,,,27/12
,NOME 081,NOME 048,NOME 048,NOME 081,NOME 081,NOME 049,NOME 049,NOME 049,NOME 049,NOME 049,NOME 081,NOME 081,NOME 049,NOME 049,NOME 049,NOME 049,NOME 049,NOME 081,NOME 081,NOME 081,NOME 081,NOME 049,NOME 081,NOME 049,NOME 081,NOME 081,NOME 049,NOME 049,NOME 049,NOME 049,NOME 049,NOME 081,NOME 081,NOME 049,NOME 049,NOME 048,NOME 048,,,28/12
,NOME 006,NOME 049,NOME 049,NOME 025,NOME 025,NOME 117,NOME 117,NOME 117,NOME 117,NOME 117,NOME 025,NOME 006,NOME 117,NOME 117,NOME 117,NOME 117,NOME 117,NOME 006,NOME 006,NOME 006,NOME 006,NOME 117,NOME 006,NOME 117,NOME 006,NOME 006,NOME 117,NOME 117,NOME 117,NOME 117,NOME 117,NOME 006,NOME 006,NOME 117,NOME 117,NOME 049,NOME 049,,,29/12
,NOME 025,NOME 117,NOME 117,NOME 068,NOME 068,NOME 047,NOME 047,NOME 047,NOME 047,NOME 047,NOME 068,NOME 025,NOME 047,NOME 047,NOME 047,NOME 047,NOME 047,NOME 025,NOME 025,NOME 025,NOME 025,NOME 047,NOME 025,NOME 047,NOME 025,NOME 025,NOME 047,NOME 047,NOME 047,NOME 047,NOME 047,NOME 025,NOME 025,NOME 047,NOME 047,NOME 117,NOME 117,,,30/12
,NOME 068,NOME 047,NOME 047,NOME 075,NOME 075,NOME 129,NOME 129,NOME 129,NOME 129,NOME 129,NOME 075,NOME 068,NOME 129,NOME 129,NOME 129,NOME 129,NOME 129,NOME 068,NOME 068,NOME 068,NOME 068,NOME 129,NOME 068,NOME 129,NOME 068,NOME 068,NOME 129,NOME 129,NOME 129,NOME 129,NOME 129,NOME 068,NOME 068,NOME 129,NOME 129,NOME 047,NOME 047,,,31/12
,NOME 075,NOME 129,NOME 129,NOME 090,NOME 090,NOME 010,NOME 010,NOME 010,NOME 010,NOME 010,NOME 090,NOME 075,NOME 010,NOME 010,NOME 010,NOME 010,NOME 010,NOME 075,NOME 075,NOME 075,NOME 075,NOME 010,NOME 075,NOME 010,NOME 075,NOME 075,NOME 010,NOME 010,NOME 010,NOME 010,NOME 010,NOME 075,NOME 075,NOME 010,NOME 010,NOME 129,NOME 129,,,01/01
,NOME 090,NOME 010,NOME 010,NOME 109,NOME 109,NOME 079,NOME 079,NOME 079,NOME 079,NOME 079,NOME 109,NOME 090,NOME 079,NOME 079,NOME 079,NOME 079,NOME 079,NOME 090,NOME 090,NOME 090,NOME 090,NOME 079,NOME 090,NOME 079,NOME 090,NOME 090,NOME 079,NOME 079,NOME 079,NOME 079,NOME 079,NOME 090,NOME 090,NOME 079,NOME 079,NOME 010,NOME 010,,,02/01
,NOME 109,NOME 079,NOME 079,NOME 127,NOME 127,NOME 128,NOME 128,NOME 128,NOME 128,NOME 128,NOME 127,NOME 109,NOME 128,NOME 128,NOME 128,NOME 128,NOME 128,NOME 109,NOME 109,NOME 109,NOME 109,NOME 128,NOME 109,NOME 128,NOME 109,NOME 109,NOME 128,NOME 128,NOME 128,NOME 128,NOME 128,NOME 109,NOME 109,NOME 128,NOME 128,NOME 079,NOME 079,,,
,NOME 127,NOME 128,NOME 128,NOME 014,NOME 014,NOME 083,NOME 083,NOME 083,NOME 083,NOME 083,NOME 014,NOME 127,NOME 083,NOME 083,NOME 083,NOME 083,NOME 083,NOME 127,NOME 127,NOME 127,NOME 127,NOME 083,NOME 127,NOME 083,NOME 127,NOME 127,NOME 083,NOME 083,NOME 083,NOME 083,NOME 083,NOME 127,NOME 127,NOME 083,NOME 083,NOME 128,NOME 128,,,
,NOME 014,NOME 083,NOME 083,NOME 012,NOME 012,NOME 044,NOME 044,NOME 044,NOME 044,NOME 044,NOME 012,NOME 014,NOME 044,NOME 044,NOME 040,NOME 040,NOME 040,NOME 014,NOME 014,NOME 014,NOME 014,NOME 040,NOME 014,NOME 040,NOME 014,NOME 014,NOME 040,NOME 040,NOME 040,NOME 040,NOME 040,NOME 014,NOME 014,NOME 040,NOME 040,NOME 083,NOME 083,,,
,NOME 012,NOME 044,NOME 044,NOME 020,NOME 020,NOME 074,NOME 074,NOME 074,NOME 074,NOME 074,NOME 020,NOME 012,NOME 074,NOME 074,NOME 044,NOME 044,NOME 044,NOME 012,NOME 012,NOME 012,NOME 012,NOME 044,NOME 012,NOME 044,NOME 012,NOME 012,NOME 044,NOME 044,NOME 044,NOME 044,NOME 044,NOME 012,NOME 012,NOME 044,NOME 044,NOME 040,NOME 040,,,
,NOME 020,NOME 074,NOME 074,NOME 018,NOME 018,NOME 107,NOME 107,NOME 071,NOME 071,NOME 071,NOME 018,NOME 020,NOME 071,NOME 071,NOME 074,NOME 074,NOME 074,NOME 020,NOME 020,NOME 020,NOME 020,NOME 074,NOME 020,NOME 074,NOME 020,NOME 020,NOME 074,NOME 074,NOME 074,NOME 074,NOME 074,NOME 020,NOME 020,NOME 074,NOME 074,NOME 044,NOME 044,,,
,NOME 018,NOME 107,NOME 107,NOME 003,NOME 003,NOME 071,NOME 071,NOME 008,NOME 008,NOME 008,NOME 003,NOME 018,NOME 008,NOME 008,NOME 071,NOME 071,NOME 071,NOME 018,NOME 018,NOME 018,NOME 018,NOME 071,NOME 018,NOME 071,NOME 018,NOME 018,NOME 071,NOME 071,NOME 071,NOME 071,NOME 071,NOME 018,NOME 018,NOME 071,NOME 071,NOME 074,NOME 074,,,
,NOME 003,NOME 071,NOME 071,NOME 024,NOME 024,NOME 008,NOME 008,NOME 084,NOME 084,NOME 084,NOME 024,NOME 003,NOME 084,NOME 084,NOME 008,NOME 008,NOME 008,NOME 015,NOME 015,NOME 015,NOME 015,NOME 008,NOME 015,NOME 008,NOME 015,NOME 015,NOME 008,NOME 008,NOME 008,NOME 008,NOME 008,NOME 015,NOME 015,NOME 008,NOME 008,NOME 071,NOME 071,,,
,NOME 024,NOME 008,NOME 008,NOME 022,NOME 022,NOME 084,NOME 084,NOME 086,NOME 086,NOME 086,NOME 022,NOME 024,NOME 086,NOME 086,NOME 084,NOME 084,NOME 084,NOME 003,NOME 003,NOME 003,NOME 003,NOME 084,NOME 003,NOME 084,NOME 003,NOME 003,NOME 084,NOME 084,NOME 084,NOME 084,NOME 084,NOME 003,NOME 003,NOME 084,NOME 084,NOME 008,NOME 008,,,
,NOME 022,NOME 084,NOME 084,NOME 034,NOME 034,NOME 086,NOME 086,NOME 131,NOME 131,NOME 131,NOME 034,NOME 022,NOME 131,NOME 131,NOME 086,NOME 086,NOME 086,NOME 024,NOME 024,NOME 024,NOME 024,NOME 086,NOME 024,NOME 086,NOME 024,NOME 024,NOME 086,NOME 086,NOME 086,NOME 086,NOME 086,NOME 024,NOME 024,NOME 086,NOME 086,NOME 084,NOME 084,,,
,NOME 034,NOME 086,NOME 086,NOME 027,NOME 027,NOME 131,NOME 131,NOME 124,NOME 124,NOME 124,NOME 027,NOME 034,NOME 124,NOME 124,NOME 131,NOME 131,NOME 131,NOME 022,NOME 022,NOME 022,NOME 022,NOME 131,NOME 022,NOME 131,NOME 022,NOME 022,NOME 131,NOME 131,NOME 131,NOME 131,NOME 131,NOME 022,NOME 022,NOME 131,NOME 131,NOME 086,NOME 086,,,
,NOME 027,NOME 131,NOME 131,NOME 028,NOME 028,NOME 124,NOME 124,NOME 076,NOME 076,NOME 076,NOME 028,NOME 027,NOME 076,NOME 076,NOME 124,NOME 124,NOME 124,NOME 034,NOME 034,NOME 034,NOME 034,NOME 124,NOME 034,NOME 124,NOME 034,NOME 034,NOME 124,NOME 124,NOME 124,NOME 124,NOME 124,NOME 034,NOME 034,NOME 124,NOME 124,NOME 131,NOME 131,,,
,NOME 028,NOME 124,NOME 124,NOME 026,NOME 026,NOME 076,NOME 076,NOME 087,NOME 087,NOME 087,NOME 026,NOME 028,NOME 087,NOME 087,NOME 076,NOME 076,NOME 076,NOME 027,NOME 027,NOME 027,NOME 027,NOME 076,NOME 027,NOME 076,NOME 027,NOME 027,NOME 076,NOME 076,NOME 076,NOME 076,NOME 076,NOME 027,NOME 027,NOME 076,NOME 076,NOME 124,NOME 124,,,
,NOME 026,NOME 076,NOME 076,NOME 033,NOME 033,NOME 087,NOME 087,NOME 072,NOME 072,NOME 072,NOME 033,NOME 026,NOME 105,NOME 105,NOME 087,NOME 087,NOME 087,NOME 028,NOME 028,NOME 028,NOME 028,NOME 087,NOME 028,NOME 087,NOME 028,NOME 028,NOME 087,NOME 087,NOME 087,NOME 087,NOME 087,NOME 028,NOME 028,NOME 087,NOME 087,NOME 076,NOME 076,,,
,NOME 033,NOME 087,NOME 087,NOME 039,NOME 039,NOME 072,NOME 072,NOME 105,NOME 105,NOME 105,NOME 039,NOME 033,NOME 080,NOME 080,NOME 105,NOME 105,NOME 105,NOME 026,NOME 026,NOME 026,NOME 026,NOME 105,NOME 026,NOME 105,NOME 026,NOME 026,NOME 105,NOME 105,NOME 105,NOME 105,NOME 105,NOME 026,NOME 026,NOME 105,NOME 105,NOME 087,NOME 087,,,
,NOME 039,NOME 072,NOME 072,,,NOME 105,NOME 105,NOME 080,NOME 080,NOME 080,,NOME 039,NOME 098,NOME 098,NOME 080,NOME 080,NOME 080,NOME 033,NOME 033,NOME 033,NOME 033,NOME 080,NOME 033,NOME 080,NOME 033,NOME 033,NOME 080,NOME 080,NOME 080,NOME 080,NOME 080,NOME 033,NOME 033,NOME 080,NOME 080,NOME 105,NOME 105,,,
,,NOME 105,NOME 105,,,NOME 080,NOME 080,NOME 098,NOME 098,NOME 098,,,NOME 106,NOME 106,NOME 098,NOME 098,NOME 098,NOME 039,NOME 039,NOME 039,NOME 039,NOME 098,NOME 039,NOME 098,NOME 039,NOME 039,NOME 098,NOME 098,NOME 098,NOME 098,NOME 098,NOME 039,NOME 039,NOME 098,NOME 098,NOME 080,NOME 080,,,
,,NOME 080,NOME 080,,,NOME 098,NOME 098,NOME 106,NOME 106,NOME 106,,,NOME 067,NOME 067,NOME 106,NOME 106,NOME 106,,,,,NOME 106,,NOME 106,,,NOME 106,NOME 106,NOME 106,NOME 106,NOME 106,,,NOME 106,NOME 106,NOME 098,NOME 098,,,
,,NOME 098,NOME 098,,,NOME 106,NOME 106,NOME 067,NOME 067,NOME 067,,,NOME 070,NOME 070,NOME 067,NOME 067,NOME 067,,,,,NOME 067,,NOME 067,,,NOME 067,NOME 067,NOME 067,NOME 067,NOME 067,,,NOME 067,NOME 067,NOME 106,NOME 106,,,
,,NOME 106,NOME 106,,,NOME 067,NOME 067,NOME 070,NOME 070,NOME 070,,,NOME 091,NOME 091,NOME 070,NOME 070,NOME 070,,,,,NOME 089,,NOME 089,,,NOME 089,NOME 089,NOME 089,NOME 089,NOME 089,,,NOME 089,NOME 089,NOME 067,NOME 067,,,
,,NOME 070,NOME 070,,,NOME 070,NOME 070,NOME 091,NOME 091,NOME 091,,,NOME 102,NOME 102,NOME 091,NOME 091,NOME 091,,,,,NOME 070,,NOME 070,,,NOME 070,NOME 070,NOME 070,NOME 070,NOME 070,,,NOME 070,NOME 070,NOME 089,NOME 089,,,
,,NOME 091,NOME 091,,,NOME 091,NOME 091,NOME 102,NOME 102,NOME 102,,,NOME 110,NOME 110,NOME 102,NOME 102,NOME 102,,,,,NOME 091,,NOME 091,,,NOME 091,NOME 091,NOME 091,NOME 091,NOME 091,,,NOME 091,NOME 091,NOME 070,NOME 070,,,
,,NOME 102,NOME 102,,,NOME 102,NOME 102,NOME 110,NOME 110,NOME 110,,,NOME 115,NOME 115,NOME 110,NOME 110,NOME 110,,,,,NOME 102,,NOME 102,,,NOME 102,NOME 102,NOME 102,NOME 102,NOME 102,,,NOME 102,NOME 102,NOME 091,NOME 091,,,
,,NOME 110,NOME 110,,,NOME 110,NOME 110,NOME 115,NOME 115,NOME 115,,,NOME 030,NOME 030,NOME 115,NOME 115,NOME 115,,,,,NOME 110,,NOME 110,,,NOME 110,NOME 110,NOME 110,NOME 110,NOME 110,,,NOME 110,NOME 110,NOME 102,NOME 102,,,
,,NOME 115,NOME 115,,,NOME 115,NOME 115,NOME 030,NOME 030,NOME 030,,,NOME 077,NOME 077,NOME 030,NOME 030,NOME 030,,,,,NOME 115,,NOME 115,,,NOME 115,NOME 115,NOME 115,NOME 115,NOME 115,,,NOME 115,NOME 115,NOME 110,NOME 110,,,
,,NOME 030,NOME 030,,,NOME 030,NOME 030,NOME 077,NOME 077,NOME 077,,,NOME 094,NOME 094,NOME 077,NOME 077,NOME 077,,,,,NOME 030,,NOME 030,,,NOME 030,NOME 030,NOME 030,NOME 030,NOME 030,,,NOME 030,NOME 030,NOME 115,NOME 115,,,
,,NOME 077,NOME 077,,,NOME 077,NOME 077,NOME 094,NOME 094,NOME 094,,,NOME 029,NOME 029,NOME 094,NOME 094,NOME 094,,,,,NOME 077,,NOME 077,,,NOME 077,NOME 077,NOME 077,NOME 077,NOME 077,,,NOME 077,NOME 077,NOME 030,NOME 030,,,
,,NOME 094,NOME 094,,,NOME 094,NOME 094,NOME 029,NOME 029,NOME 029,,,,,NOME 029,NOME 029,NOME 029,,,,,NOME 094,,NOME 094,,,NOME 094,NOME 094,NOME 094,NOME 094,NOME 094,,,NOME 094,NOME 094,NOME 077,NOME 077,,,
,,NOME 029,NOME 029,,,NOME 029,NOME 029,,,,,,,,,,,,,,,NOME 029,,NOME 029,,,NOME 029,NOME 029,NOME 029,NOME 029,NOME 029,,,NOME 029,NOME 029,NOME 094,NOME 094,,,
,,,,,,,,,,,,,,,,,,,,,,,,,,,,,,,,,,,,NOME 029,NOME 029,,,